<!DOCTYPE configuration PUBLIC "-//mybatis.org//DTD Config 3.0//EN"    "http://mybatis.org/dtd/mybatis-3-config.dtd">

<configuration>

    <settings>
        <setting name="callSettersOnNulls" value="true"/>
        <setting name="mapUnderscoreToCamelCase" value="true"/>
    </settings>

	<mappers>
		<!-- <mapper resource="mapper/board_query.xml"></mapper> -->
		<mapper resource="mapper/login_query.xml"></mapper>
		<mapper resource="mapper/user_query.xml"></mapper>
		<mapper resource="mapper/event_query.xml"></mapper>
		<mapper resource="mapper/notice_query.xml"></mapper>
		<mapper resource="mapper/qna_query.xml"></mapper>
		<mapper resource="mapper/bookmark_query.xml"></mapper>		
		<mapper resource="mapper/house_query.xml"></mapper>
		<mapper resource="mapper/review_query.xml"></mapper>
		<mapper resource="mapper/code_query.xml"></mapper>
	</mappers>
</configuration>