<?xml version="1.0" encoding="UTF-8"?>
<!DOCTYPE mapper PUBLIC "-//myboard.org//DTD Mapper 3.0//EN" "http://mybatis.org/dtd/mybatis-3-mapper.dtd">
<mapper namespace="com.mycom.myapp.qna.dao.QnaDao"> 



	<!-- 목록 조회 -->
	<select id="selectList" parameterType="com.mycom.myapp.qna.dto.QnaParamDto" resultType="com.mycom.myapp.qna.dto.QnaDto">
		SELECT qna_id, user_id, title, content, check_yn, register_date
		FROM qna
		ORDER BY qna_id desc
		LIMIT #{limit} OFFSET #{offset}
	</select>
	
	
	<select id="selectListTotalCount" resultType="int">
		SELECT count(*)
		FROM `my_house`.`qna`
	</select>
	
	<select id="selectListSearchWord" parameterType="com.mycom.myapp.qna.dto.QnaParamDto" resultType="com.mycom.myapp.qna.dto.QnaDto">
		SELECT `qna`.`qna_id`, `qna`.`user_id`, `qna`.`title`, `qna`.`content`, `qna`.`check_yn`, `qna`.`register_date`
		FROM `my_house`.`qna`
		WHERE `title` like concat('%', #{searchWord}, '%')
		ORDER BY `qna_id` desc
		LIMIT #{limit} OFFSET #{offset}
	</select>
	
	<select id="selectListSearchWordTotalCount" parameterType="com.mycom.myapp.qna.dto.QnaParamDto" resultType="int">
		SELECT count(*)
		FROM `my_house`.`qna`
		WHERE `title` like concat('%', #{searchWord}, '%')
	</select>
	
	
	<!-- 상세 조회 -->
	<select id="selectDetail" parameterType="int" resultType="com.mycom.myapp.qna.dto.QnaDto">
		SELECT qna_id, user_id, title, content, check_yn, register_date
		FROM qna
		WHERE qna_id = #{qnaId}
	</select>

	<!-- 등록 -->
	<insert id="insert" parameterType="com.mycom.myapp.qna.dto.QnaDto" useGeneratedKeys="true" keyProperty="qnaId">
		INSERT INTO `my_house`.`qna`
		(`user_id`,`title`,`content`,`check_yn`,`register_date`)
		VALUES (#{userId},#{title},#{content}, 'y', now())
	</insert>
	
	
	<!-- 수정 -->
	<update id="update" parameterType="com.mycom.myapp.qna.dto.QnaDto">
		UPDATE `my_house`.`qna`
		SET `title` = #{title},`content` = #{content}
		WHERE qna_id = #{qnaId}
	</update>
	
	<!-- 삭제 -->
	<delete id="delete" parameterType="int">
		DELETE FROM `my_house`.`qna`
		WHERE qna_id = #{qnaId}
	</delete>
	
	
	<!-- 댓글 목록 조회  -->
	<select id="commentList" parameterType="com.mycom.myapp.qna.dto.CommentParamDto" resultType="com.mycom.myapp.qna.dto.CommentDto">
		SELECT c.comment_id, c.user_id, c.qna_id, c.content, c.register_date, c.parent_comment_id, u.user_name
		FROM comment c, users u
		WHERE c.qna_id = #{qnaId}
		and c.user_id = u.user_id
		ORDER BY c.register_date desc
		<!-- LIMIT #{limit} OFFSET #{offset}  -->
	</select>
	
	<!-- 댓글 추가 -->
	<insert id="commentInsert" parameterType="com.mycom.myapp.qna.dto.CommentDto" useGeneratedKeys="true" keyProperty="commentId">
		INSERT INTO comment
		(`user_id`, `qna_id`,`content`,`register_date`, `parent_comment_id`)
		VALUES (#{userId},#{qnaId},#{content}, now(), #{parentCommentId})
	</insert>
	
	<!-- 댓글 수정 -->
	<update id="commentUpdate" parameterType="com.mycom.myapp.qna.dto.CommentDto" useGeneratedKeys="true" keyProperty="commentId">
		UPDATE comment
		SET `content` = #{content}
		WHERE (`comment_id` = #{commentId});
	</update>
	
	<!-- 댓글 삭제 -->
	<delete id="commentDelete" parameterType="int">
		DELETE FROM `my_house`.`comment`
		WHERE comment_id = #{commentId}
		OR parent_comment_id = #{commentId}
	</delete>
	
	
	
</mapper>
